subject,corr,fa,hit,miss,condition,hit_rate,false_rate,z_hit_rate,z_false_rate,d_prime,precision,recall,ff1
p05,15,0,24,0,boundary,1.0,0.0,1.0073759728706095,-0.8913342423307428,1.8987102152013522,1.0,1.0,1.0
p07,13,0,26,0,boundary,1.0,0.0,1.0073759728706095,-0.8913342423307428,1.8987102152013522,1.0,1.0,1.0
p08,13,1,22,1,boundary,0.9565217391304348,0.07142857142857142,0.5004312641120522,0.24459525336711457,0.2558360107449376,0.9565217391304348,0.9565217391304348,0.9565217391304348
p09,8,2,10,2,boundary,0.8333333333333334,0.2,-0.9359120773705281,2.289268345623258,-3.2251804229937857,0.8333333333333334,0.8333333333333334,0.8333333333333334
p05,19,1,44,0,no_boundary,1.0,0.05,1.0073759728706095,-0.09618359534224256,1.103559568212852,0.9777777777777777,1.0,0.9887640449438203
p07,24,1,38,3,no_boundary,0.926829268292683,0.04,0.15422512154523244,-0.25521372473994264,0.4094388462851751,0.9743589743589743,0.926829268292683,0.9499999999999998
p08,21,2,34,8,no_boundary,0.8095238095238095,0.08695652173913043,-1.2135246559764052,0.4915364480840401,-1.7050611040604453,0.9444444444444444,0.8095238095238095,0.8717948717948718
p09,14,0,18,5,no_boundary,0.782608695652174,0.0,-1.5273475709221787,-0.8913342423307428,-0.6360133285914359,1.0,0.782608695652174,0.8780487804878049
