subject,corr,fa,hit,miss,condition,hit_rate,false_rate,z_hit_rate,z_false_rate,d_prime,precision,recall,ff1
p05,15,0,24,0,boundary,1.0,0.0,0.999854872649988,-1.007445561493649,2.007300434143637,1.0,1.0,1.0
p06,14,3,19,2,boundary,0.9047619047619048,0.17647058823529413,-0.9757619841523958,1.6612844027279379,-2.6370463868803338,0.8636363636363636,0.9047619047619048,0.8837209302325582
p05,19,1,44,0,no_boundary,1.0,0.05,0.999854872649988,-0.2513054049641994,1.2511602776141872,0.9777777777777777,1.0,0.9887640449438203
p06,24,1,37,4,no_boundary,0.9024390243902439,0.04,-1.0239477611475756,-0.4025334362700893,-0.6214143248774863,0.9736842105263158,0.9024390243902439,0.9367088607594937
