subject,corr,fa,hit,miss,condition,hit_rate,false_rate,z_hit_rate,z_false_rate,d_prime,precision,recall,ff1
p05,7,1,11,1,boundary,0.9166666666666666,0.125,0.5444182704374311,-0.07574694122058664,0.6201652116580177,0.9166666666666666,0.9166666666666666,0.9166666666666665
p06,13,1,15,3,boundary,0.8333333333333334,0.07142857142857142,-0.017326544620286283,-0.4827454313610525,0.46541888674076626,0.9375,0.8333333333333334,0.8823529411764706
p07,7,3,9,2,boundary,0.8181818181818182,0.3,-0.11946196553987126,1.253781459904935,-1.3732434254448063,0.75,0.8181818181818182,0.782608695652174
p08,8,4,11,3,boundary,0.7857142857142857,0.3333333333333333,-0.3383235817961254,1.5070249648812248,-1.8453485466773503,0.7333333333333333,0.7857142857142857,0.7586206896551724
p05,3,1,3,0,no_boundary,1.0,0.25,1.1061630854951492,0.8739162024405004,0.2322468830546488,0.75,1.0,0.8571428571428572
p06,7,0,5,1,no_boundary,0.8333333333333334,0.0,-0.017326544620286283,-1.0254100848816736,1.0080835402613872,1.0,0.8333333333333334,0.9090909090909091
p07,4,0,1,1,no_boundary,0.5,0.0,-2.264305804851158,-1.0254100848816736,-1.2388957199694843,1.0,0.5,0.6666666666666666
p08,5,0,4,0,no_boundary,1.0,0.0,1.1061630854951492,-1.0254100848816736,2.131573170376823,1.0,1.0,1.0
